{
  "experiment_info": {
    "timestamp": "2025-08-14T10:33:42.190645",
    "total_experiments": 12,
    "successful_experiments": 12
  },
  "results_summary": {
    "ppo_walker2d_none_compression": {
      "mean_reward": 1094.625557702049,
      "std_reward": 20.542615818660675,
      "compression_ratio": 1.0,
      "completion_rate": 1.0
    },
    "ppo_walker2d_minimal_compression": {
      "mean_reward": 1099.9253945892206,
      "std_reward": 23.006007261286246,
      "compression_ratio": 1.2,
      "completion_rate": 1.0
    },
    "ppo_walker2d_low_compression": {
      "mean_reward": 1097.1961016474256,
      "std_reward": 27.900503179571317,
      "compression_ratio": 2.0,
      "completion_rate": 1.0
    },
    "ppo_walker2d_medium_compression": {
      "mean_reward": 1110.71940581514,
      "std_reward": 25.31206815644789,
      "compression_ratio": 3.0,
      "completion_rate": 1.0
    },
    "ppo_walker2d_high_compression": {
      "mean_reward": 1156.3112301949304,
      "std_reward": 32.571973669997305,
      "compression_ratio": 5.0,
      "completion_rate": 1.0
    },
    "ppo_walker2d_very_high_compression": {
      "mean_reward": 1141.5460007238098,
      "std_reward": 35.63828664989442,
      "compression_ratio": 5.0,
      "completion_rate": 1.0
    },
    "sac_hopper_none_compression": {
      "mean_reward": 1963.1144328374055,
      "std_reward": 29.187760620382225,
      "compression_ratio": 1.0,
      "completion_rate": 1.0
    },
    "sac_hopper_minimal_compression": {
      "mean_reward": 1966.3405524223638,
      "std_reward": 24.408758216541976,
      "compression_ratio": 1.2,
      "completion_rate": 1.0
    },
    "sac_hopper_low_compression": {
      "mean_reward": 1962.9451683777206,
      "std_reward": 28.996128336728642,
      "compression_ratio": 2.0,
      "completion_rate": 1.0
    },
    "sac_hopper_medium_compression": {
      "mean_reward": 1750.629870878301,
      "std_reward": 404.34341375390045,
      "compression_ratio": 3.0,
      "completion_rate": 1.0
    },
    "sac_hopper_high_compression": {
      "mean_reward": 896.365728092951,
      "std_reward": 350.5719313141599,
      "compression_ratio": 5.0,
      "completion_rate": 1.0
    },
    "sac_hopper_very_high_compression": {
      "mean_reward": 988.4496840477364,
      "std_reward": 366.94727160627207,
      "compression_ratio": 5.0,
      "completion_rate": 1.0
    }
  }
}